Cause,active_count,total_count,ActivePercentage
INFORMATION,14,25,56.00000000000001
TRAVAUX,216,2540,8.503937007874015
PERTURBATION,134,692,19.36416184971098
